mag_r,u_g,g_r,r_i,i_z,z_y
19.37,2.402,1.19,1.218,0.542,0.234
17.518,1.074,0.42,0.131,0.044,-0.006
19.111,2.482,1.315,0.968,0.438,0.193
20.684,2.505,1.282,0.896,0.416,0.166
20.612,2.541,1.242,1.132,0.514,0.204
20.772,0.785,0.338,0.11,0.037,-0.047
17.332,2.551,1.292,0.831,0.393,0.183
19.233,2.695,1.315,0.922,0.422,0.175
19.595,1.921,0.77,0.284,0.127,0.07
18.908,0.771,-0.057,-0.121,-0.09,-0.051
18.053,0.774,0.297,0.094,0.028,-0.024
20.538,2.601,1.317,1.384,0.622,0.274
20.549,2.543,1.261,1.367,0.615,0.28
20.312,2.74,1.284,1.215,0.545,0.236
20.06,2.448,1.29,1.26,0.568,0.234
16.975,1.585,0.582,0.182,0.078,0.027
17.206,1.171,0.466,0.156,0.054,0.01
19.549,2.462,1.159,0.517,0.25,0.124
19.601,0.718,0.326,0.109,0.032,-0.025
17.842,2.475,1.286,0.998,0.455,0.205
17.96,2.598,1.323,0.981,0.441,0.2
20.553,2.646,1.298,1.037,0.476,0.197
18.606,2.581,1.309,0.99,0.448,0.203
15.764,1.216,0.4,0.07,0.107,0.031
19.837,2.39,1.225,0.81,0.373,0.168
20.975,1.871,0.897,0.381,0.178,0.044
20.133,2.524,1.235,0.728,0.34,0.166
20.787,3.141,1.377,1.242,0.563,0.247
20.453,0.682,0.167,0.022,-0.018,0.002
18.672,2.489,1.268,0.614,0.291,0.131
19.856,1.067,0.479,0.189,0.078,0.021
20.132,2.498,1.182,0.568,0.269,0.129
19.433,2.33,1.264,1.02,0.461,0.215
20.782,1.4,0.734,0.214,0.306,0.162
16.163,2.566,1.21,0.485,0.286,0.169
17.956,2.542,1.29,1.145,0.531,0.226
19.943,2.051,0.885,0.418,0.212,0.109
19.667,2.376,1.278,0.865,0.394,0.163
19.397,2.503,1.269,1.407,0.627,0.293
20.43,0.152,0.303,-0.003,0.026,0.103
19.554,1.028,0.45,0.171,0.073,0.023
20.344,2.457,1.22,0.82,0.379,0.172
17.073,1.427,0.558,0.218,0.104,0.036
16.005,1.025,0.353,0.072,0.106,-0.006
18.909,0.92,0.471,0.24,0.107,0.043
20.842,2.62,1.256,0.663,0.322,0.137
18.172,1.498,0.574,0.204,0.095,0.036
20.108,2.538,1.378,1.475,0.657,0.303
18.289,0.881,0.325,0.098,0.033,-0.008
18.731,2.452,1.095,0.439,0.214,0.106
17.772,0.786,0.3,0.096,0.026,-0.013
19.232,1.104,0.489,0.195,0.086,0.029
20.803,0.275,0.209,0.332,-0.138,-0.134
20.784,2.278,1.226,1.129,0.507,0.235
19.733,0.737,0.284,0.084,0.02,-0.027
17.623,1.028,0.393,0.122,0.04,0.001
19.072,0.202,0.172,-0.104,0.069,0.146
19.678,2.348,1.266,0.927,0.419,0.19
18.88,1.484,0.633,0.242,0.111,0.041
18.345,0.726,0.251,0.067,0.02,-0.026
19.164,2.461,1.067,0.424,0.203,0.109
17.635,2.597,1.306,1.362,0.601,0.301
19.688,0.788,0.339,0.108,0.037,0.015
20.753,0.699,0.27,0.086,0.016,-0.024
15.924,1.335,0.431,0.062,0.095,0.021
19.785,1.991,0.826,0.3,0.143,0.093
20.202,2.198,1.318,0.813,0.396,0.179
15.773,0.954,0.304,0.035,0.082,0.005
20.245,2.549,1.282,1.411,0.646,0.287
20.828,1.136,0.495,0.183,0.064,-0.013
18.409,2.449,1.229,0.879,0.416,0.19
20.799,1.314,0.508,0.19,0.086,-0.022
20.652,2.843,1.362,1.285,0.582,0.263
18.273,1.225,0.462,0.156,0.073,0.024
18.684,2.258,0.913,0.335,0.156,0.086
17.402,2.593,1.141,0.476,0.223,0.12
19.29,2.481,1.233,1.012,0.457,0.195
20.527,0.793,0.338,0.091,0.041,-0.098
17.046,0.932,0.338,0.089,0.022,-0.007
20.734,2.26,1.154,0.539,0.258,0.142
16.709,1.826,0.684,0.228,0.106,0.053
19.563,2.513,1.298,1.0,0.458,0.2
18.484,1.206,0.536,0.194,0.087,0.034
19.113,0.755,0.039,0.063,-0.254,0.04
18.702,2.714,1.312,1.212,0.543,0.249
15.41,1.044,0.419,0.116,0.081,0.075
19.454,2.736,1.335,1.319,0.591,0.266
19.128,0.697,0.222,0.048,0.004,-0.038
19.706,2.599,1.297,1.224,0.55,0.244
17.571,2.563,1.264,0.894,0.407,0.177
15.652,1.566,0.533,0.143,0.117,0.08
20.53,0.761,0.34,0.111,0.034,-0.01
19.505,0.433,0.029,-0.077,0.168,0.031
18.748,2.576,1.246,0.61,0.29,0.148
19.886,0.773,0.258,0.067,0.016,-0.03
19.382,2.413,1.257,0.918,0.453,0.206
17.678,1.328,0.498,0.156,0.061,0.018
20.958,2.37,1.355,1.056,0.484,0.217
20.816,2.332,1.254,1.284,0.58,0.269
20.63,2.393,1.289,0.923,0.434,0.201
16.806,2.539,1.275,0.938,0.495,0.259
16.255,2.349,0.967,0.275,0.226,0.114
18.18,1.246,0.529,0.183,0.084,0.035
16.36,0.935,0.348,0.092,0.039,-0.014
